-- phpMyAdmin SQL Dump
-- version 4.7.4
-- https://www.phpmyadmin.net/
--
-- Хост: localhost
-- Время создания: Янв 30 2018 г., 19:55
-- Версия сервера: 5.7.21-log
-- Версия PHP: 7.2.1

SET SQL_MODE = "NO_AUTO_VALUE_ON_ZERO";
SET AUTOCOMMIT = 0;
START TRANSACTION;
SET time_zone = "+00:00";


/*!40101 SET @OLD_CHARACTER_SET_CLIENT=@@CHARACTER_SET_CLIENT */;
/*!40101 SET @OLD_CHARACTER_SET_RESULTS=@@CHARACTER_SET_RESULTS */;
/*!40101 SET @OLD_COLLATION_CONNECTION=@@COLLATION_CONNECTION */;
/*!40101 SET NAMES utf8mb4 */;

--
-- База данных: `test_routes`
--

-- --------------------------------------------------------

--
-- Структура таблицы `clients`
--

CREATE TABLE `clients` (
  `id` int(11) NOT NULL,
  `admin` tinyint(1) NOT NULL DEFAULT '0' COMMENT 'является ли пользователь администратором',
  `root` tinyint(4) NOT NULL DEFAULT '0' COMMENT 'ROOT пользователь',
  `confirmed` tinyint(1) NOT NULL DEFAULT '1' COMMENT 'Регистрация завершена или нет',
  `surname` varchar(32) DEFAULT NULL,
  `firstname` varchar(32) DEFAULT NULL,
  `patronymic` varchar(32) DEFAULT NULL,
  `name` varchar(62) DEFAULT NULL,
  `phone` text CHARACTER SET cp1251 NOT NULL,
  `password` text NOT NULL,
  `mail` varchar(255) CHARACTER SET cp1251 DEFAULT NULL,
  `address` text CHARACTER SET cp1251,
  `created` timestamp NOT NULL DEFAULT CURRENT_TIMESTAMP
) ENGINE=MyISAM DEFAULT CHARSET=utf8 ROW_FORMAT=DYNAMIC;

--
-- Дамп данных таблицы `clients`
--

INSERT INTO `clients` (`id`, `admin`, `root`, `confirmed`, `surname`, `firstname`, `patronymic`, `name`, `phone`, `password`, `mail`, `address`, `created`) VALUES
(8, 1, 1, 1, 'Зуев', 'Никита', 'Дмитриевич', 'Зуев Н.', '+7(912)-793-78-10', 'e10adc3949ba59abbe56e057f20f883e', 'zuarel@icloud.com', NULL, '2018-01-25 06:54:10'),
(9, 1, 0, 1, 'Иванов', 'Иван', 'Иванович', 'Иванов И.', '+7(123)-456-78-90', '202cb962ac59075b964b07152d234b70', NULL, NULL, '2018-01-25 08:24:27');

-- --------------------------------------------------------

--
-- Структура таблицы `components`
--

CREATE TABLE `components` (
  `id` int(11) NOT NULL,
  `title` varchar(64) NOT NULL,
  `ctrl` varchar(64) DEFAULT NULL,
  `block_id` int(11) DEFAULT NULL,
  `static` tinyint(1) NOT NULL,
  `once` tinyint(1) NOT NULL DEFAULT '0' COMMENT 'Единственный на странице',
  `styles` text,
  `scripts` text,
  `default_config` text,
  `created` timestamp NOT NULL DEFAULT CURRENT_TIMESTAMP
) ENGINE=InnoDB DEFAULT CHARSET=utf8;

--
-- Дамп данных таблицы `components`
--

INSERT INTO `components` (`id`, `title`, `ctrl`, `block_id`, `static`, `once`, `styles`, `scripts`, `default_config`, `created`) VALUES
(1, 'Управление маршрутами', 'routes-list', 2, 0, 0, NULL, NULL, NULL, '2018-01-10 08:58:25'),
(2, 'Статический контент', NULL, 2, 1, 0, NULL, NULL, '{\"body\": \"\"}', '2018-01-10 09:22:25'),
(3, 'Главный слайдер', 'main-slider', 4, 0, 1, NULL, NULL, '{\"slides\":[], \"lastId\": 0}', '2018-01-10 12:17:53'),
(4, 'Страница авторизации', 'login-page', 2, 0, 1, NULL, NULL, NULL, '2018-01-15 07:19:51'),
(5, 'Отображение новости', 'news-id', 2, 0, 0, NULL, NULL, NULL, '2018-01-24 06:34:23'),
(6, 'Список новостей', 'news-list', 2, 0, 0, NULL, NULL, NULL, '2018-01-24 08:34:58'),
(7, 'Управление клиентами', 'clients-manage', 2, 0, 0, NULL, NULL, NULL, '2018-01-25 07:28:54'),
(8, 'Пустой блок', NULL, NULL, 1, 0, NULL, NULL, '{\"body\": \"\"}', '2018-01-26 07:34:57'),
(9, 'Объявления краткий список', 'announcements-short-list', 3, 0, 0, NULL, NULL, NULL, '2018-01-26 08:00:33'),
(10, 'Слайдер для магазина', 'shop-slider', 4, 0, 1, NULL, NULL, '{\"slides\":[], \"lastId\": 0}', '2018-01-29 06:52:55'),
(11, 'Отображение товаров по категории', 'goods-list', 2, 0, 0, '\r\n', NULL, NULL, '2018-01-29 09:29:22'),
(12, 'Навигация для магазина', 'shop-menu', 1, 0, 0, NULL, NULL, NULL, '2018-01-29 10:15:26'),
(13, 'Общая навигация', 'general-menu', 1, 0, 0, NULL, NULL, NULL, '2018-01-29 10:37:05');

-- --------------------------------------------------------

--
-- Структура таблицы `fragments`
--

CREATE TABLE `fragments` (
  `id` int(11) NOT NULL,
  `component_id` int(11) NOT NULL DEFAULT '2',
  `route_id` int(11) NOT NULL,
  `block_id` int(11) DEFAULT NULL,
  `priority` int(11) NOT NULL DEFAULT '1',
  `created` timestamp NOT NULL DEFAULT CURRENT_TIMESTAMP
) ENGINE=InnoDB DEFAULT CHARSET=utf8;

--
-- Дамп данных таблицы `fragments`
--

INSERT INTO `fragments` (`id`, `component_id`, `route_id`, `block_id`, `priority`, `created`) VALUES
(59, 1, 49, 2, 1, '2018-01-25 07:14:52'),
(70, 4, 61, 4, 1, '2018-01-25 11:56:34'),
(77, 9, 48, 3, 1, '2018-01-26 09:42:11'),
(78, 2, 48, 2, 1, '2018-01-26 09:45:14'),
(79, 2, 48, 2, 1, '2018-01-26 09:54:11'),
(80, 2, 48, 2, 1, '2018-01-26 09:54:12'),
(81, 2, 48, 2, 1, '2018-01-26 09:54:13'),
(89, 10, 62, 4, 1, '2018-01-29 06:53:54'),
(91, 11, 63, 2, 1, '2018-01-29 09:42:43'),
(93, 12, 63, 1, 1, '2018-01-29 10:17:57'),
(94, 13, 40, 1, 1, '2018-01-29 10:45:01'),
(95, 3, 32, 4, 1, '2018-01-29 11:13:12'),
(96, 13, 49, 1, 1, '2018-01-29 11:41:21'),
(97, 13, 48, 1, 1, '2018-01-29 11:42:49'),
(98, 13, 51, 1, 1, '2018-01-29 11:43:02'),
(99, 8, 50, 2, 1, '2018-01-29 11:43:26'),
(100, 13, 50, 1, 1, '2018-01-29 11:43:34');

-- --------------------------------------------------------

--
-- Структура таблицы `fragments_blocks`
--

CREATE TABLE `fragments_blocks` (
  `id` int(11) NOT NULL,
  `title` varchar(60) NOT NULL,
  `created` timestamp NOT NULL DEFAULT CURRENT_TIMESTAMP
) ENGINE=InnoDB DEFAULT CHARSET=utf8;

--
-- Дамп данных таблицы `fragments_blocks`
--

INSERT INTO `fragments_blocks` (`id`, `title`, `created`) VALUES
(1, 'Навигация', '2018-01-26 07:24:36'),
(2, 'Контент', '2018-01-26 07:24:43'),
(3, 'Информативный', '2018-01-26 07:24:48'),
(4, 'Вся часть страницы', '2018-01-29 09:06:38');

-- --------------------------------------------------------

--
-- Структура таблицы `fragments_data`
--

CREATE TABLE `fragments_data` (
  `id` int(11) NOT NULL,
  `component_id` int(11) DEFAULT NULL COMMENT 'Для повторного использования данных внутри компонента',
  `fragment_id` int(11) NOT NULL COMMENT 'Для привязки данных к определенному фрагменту',
  `data` text NOT NULL COMMENT 'Сами данные',
  `created` timestamp NOT NULL DEFAULT CURRENT_TIMESTAMP
) ENGINE=InnoDB DEFAULT CHARSET=utf8;

--
-- Дамп данных таблицы `fragments_data`
--

INSERT INTO `fragments_data` (`id`, `component_id`, `fragment_id`, `data`, `created`) VALUES
(23, NULL, 78, '{\"content\":{\"body\":\"<p>asdasdasd</p>\\n\"}}', '2018-01-26 09:54:29'),
(24, NULL, 79, '{\"content\":{\"body\":\"<p>asdasdasdasdasdasd</p>\\n\"}}', '2018-01-26 09:54:45'),
(25, NULL, 80, '{\"content\":{\"body\":\"<p>aasdasd123213213</p>\\n\"}}', '2018-01-26 09:55:59'),
(26, NULL, 81, '{\"content\":{\"body\":\"<p>123123123123</p>\\n\"}}', '2018-01-26 09:56:14'),
(28, NULL, 89, '{\"content\":{\"slides\":[],\"lastId\":1}}', '2018-01-29 06:58:47');

-- --------------------------------------------------------

--
-- Структура таблицы `global_site_config`
--

CREATE TABLE `global_site_config` (
  `id` int(11) NOT NULL,
  `title` varchar(60) NOT NULL,
  `target` varchar(60) NOT NULL,
  `value` text NOT NULL,
  `created` timestamp NOT NULL DEFAULT CURRENT_TIMESTAMP,
  `updated` timestamp NULL DEFAULT NULL
) ENGINE=InnoDB DEFAULT CHARSET=utf8;

--
-- Дамп данных таблицы `global_site_config`
--

INSERT INTO `global_site_config` (`id`, `title`, `target`, `value`, `created`, `updated`) VALUES
(1, 'Логин root-пользователя', 'rootLogin', 'root', '2018-01-25 10:11:49', NULL),
(2, 'Пароль root-пользователя', 'rootPassword', '4c5fd6d240c4e226e5cc1b53b1dbfaf3', '2018-01-25 10:12:28', NULL);

-- --------------------------------------------------------

--
-- Структура таблицы `goods_cats`
--

CREATE TABLE `goods_cats` (
  `id` int(11) NOT NULL,
  `title` varchar(60) NOT NULL,
  `description` text,
  `img` text COMMENT 'Фото для слайдера',
  `parent_id` int(11) DEFAULT NULL,
  `level` int(11) NOT NULL,
  `created` timestamp NOT NULL DEFAULT CURRENT_TIMESTAMP
) ENGINE=InnoDB DEFAULT CHARSET=utf8;

--
-- Дамп данных таблицы `goods_cats`
--

INSERT INTO `goods_cats` (`id`, `title`, `description`, `img`, `parent_id`, `level`, `created`) VALUES
(2, 'Ритуальные товары', 'Каталог ритуальных товаров и принадлежностей для погребения, предлагаемых в магазинах компании.', '/uploads/upload_cae70b7eca82a6688f0378f21d411029.png', NULL, 0, '2018-01-29 08:03:56'),
(3, 'Цветы и венки', 'В этом разделе вы можете найти все виды и типы цветочной продукции, производимой МП КПРУ.', '/uploads/upload_053f850ff24dc084aacec1d2a0d03101.jpg', NULL, 0, '2018-01-29 08:06:02'),
(4, 'Памятники', 'В разделе представлены все виды памятников и комплектующих к ним, а также варианты изображений и шрифтов для оформления памятников.', '/uploads/upload_3bbc45f54f84e26750cbd9a0e742df31.jpg', NULL, 0, '2018-01-29 08:11:22'),
(5, 'Гробы', 'Каталог гробов, производимых МП КПРУ.', '/uploads/upload_e608f7807a899eeaa08a7153a791de5e.jpg', NULL, 0, '2018-01-29 08:13:49'),
(8, 'Ограды', 'Каталог оград и кованых изделий', '/uploads/upload_2627dbb6db61a304759e65ad3791ac79.jpg', NULL, 0, '2018-01-29 08:36:23'),
(10, 'Венки \"Корзина\"', NULL, NULL, 3, 1, '2018-01-29 10:13:02'),
(41, 'Новая категория', NULL, NULL, 3, 1, '2018-01-30 18:55:02'),
(42, 'Новая категория', NULL, NULL, 3, 1, '2018-01-30 18:55:03'),
(43, 'Новая категория', NULL, NULL, 3, 1, '2018-01-30 18:55:03');

-- --------------------------------------------------------

--
-- Структура таблицы `goods_pos`
--

CREATE TABLE `goods_pos` (
  `id` int(11) NOT NULL,
  `title` varchar(60) NOT NULL,
  `coast` decimal(11,2) NOT NULL,
  `cat_id` int(11) NOT NULL,
  `main_photo` text,
  `created` timestamp NOT NULL DEFAULT CURRENT_TIMESTAMP
) ENGINE=InnoDB DEFAULT CHARSET=utf8;

--
-- Дамп данных таблицы `goods_pos`
--

INSERT INTO `goods_pos` (`id`, `title`, `coast`, `cat_id`, `main_photo`, `created`) VALUES
(1, 'Новый товар', '10000.00', 2, '/photos/goods/1/photo.jpg', '2018-01-29 10:07:43'),
(2, 'ФЫвфывфыв', '123123.00', 2, NULL, '2018-01-30 18:10:24');

-- --------------------------------------------------------

--
-- Структура таблицы `header_nav`
--

CREATE TABLE `header_nav` (
  `id` int(11) NOT NULL,
  `title` varchar(70) NOT NULL DEFAULT 'Новый пункт меню',
  `href` varchar(70) NOT NULL DEFAULT '#',
  `created` timestamp NOT NULL DEFAULT CURRENT_TIMESTAMP
) ENGINE=InnoDB DEFAULT CHARSET=utf8;

--
-- Дамп данных таблицы `header_nav`
--

INSERT INTO `header_nav` (`id`, `title`, `href`, `created`) VALUES
(1, 'Главная', '/', '2018-01-25 04:57:57'),
(2, 'Компания', '/company', '2018-01-25 04:58:04'),
(14, 'Кладбища', '/cemeteries', '2018-01-25 09:28:58'),
(15, 'Магазин', '/shop', '2018-01-26 10:15:35');

-- --------------------------------------------------------

--
-- Структура таблицы `menu_groups`
--

CREATE TABLE `menu_groups` (
  `id` int(11) NOT NULL,
  `title` varchar(64) NOT NULL DEFAULT 'Новая группа',
  `created` timestamp NOT NULL DEFAULT CURRENT_TIMESTAMP
) ENGINE=InnoDB DEFAULT CHARSET=utf8;

--
-- Дамп данных таблицы `menu_groups`
--

INSERT INTO `menu_groups` (`id`, `title`, `created`) VALUES
(1, 'Меню администратора', '2018-01-25 07:13:14'),
(2, 'Меню контактов', '2018-01-25 09:12:15');

-- --------------------------------------------------------

--
-- Структура таблицы `menu_items`
--

CREATE TABLE `menu_items` (
  `id` int(11) NOT NULL,
  `title` varchar(64) NOT NULL,
  `href` text,
  `parent_id` int(11) NOT NULL DEFAULT '0',
  `route_id` int(11) DEFAULT NULL,
  `group_id` int(11) DEFAULT NULL,
  `created` timestamp NOT NULL DEFAULT CURRENT_TIMESTAMP
) ENGINE=InnoDB DEFAULT CHARSET=utf8;

--
-- Дамп данных таблицы `menu_items`
--

INSERT INTO `menu_items` (`id`, `title`, `href`, `parent_id`, `route_id`, `group_id`, `created`) VALUES
(1, 'Маршруты', '/admin-routes', 0, NULL, 1, '2018-01-25 07:13:26'),
(2, 'Управление пользователями', '/admin-clients', 0, NULL, 1, '2018-01-25 07:13:43'),
(3, 'Посещаемость', '/admin-attendance', 0, NULL, 1, '2018-01-25 08:34:10'),
(4, 'Реквизиты', '/contacts-doc', 0, NULL, 2, '2018-01-25 09:14:02'),
(5, 'Расположение', '/contacts-place', 0, NULL, 2, '2018-01-25 09:14:18'),
(6, 'фыв', 'ыфвфывфыв', 0, NULL, 2, '2018-01-29 11:33:44');

-- --------------------------------------------------------

--
-- Структура таблицы `news`
--

CREATE TABLE `news` (
  `id` int(11) NOT NULL,
  `title` varchar(60) NOT NULL DEFAULT 'Новая новость',
  `text` text,
  `counter_views` int(11) NOT NULL DEFAULT '0',
  `published` timestamp NULL DEFAULT NULL,
  `creator` int(11) NOT NULL,
  `created` timestamp NULL DEFAULT CURRENT_TIMESTAMP,
  `updated` timestamp NULL DEFAULT NULL
) ENGINE=InnoDB DEFAULT CHARSET=utf8;

--
-- Дамп данных таблицы `news`
--

INSERT INTO `news` (`id`, `title`, `text`, `counter_views`, `published`, `creator`, `created`, `updated`) VALUES
(1, 'Новая новость', '«Точное время с (…), поддержка в ​​трудные времена.» Это сообщение продолжительностью в восемь секунд выходило в эфир одной из радиостанций в кантоне (единица административно-политического деления Швейцарии) около трех раз в день в период с января 2014 по май 2016 года. Так похоронные услуги спонсировали точное время.\r\n\r\nИнициировал проверку законности такой «долбежки» один из врачей кантона, который как никто другой понимает чувства людей, особенно тех, кто болен или потерял близкого человека. По его мнению, такая рекламная компания нарушают действующий запрет на «крупномасштабную и тотальную рекламу подобного рода услуг», при этом проходит на грани морали и нравственности.\r\n\r\nC этим категорически не согласны в самом похоронном агентстве, где полагают, что экономическая свобода действий должна преобладать над ограничениями, установленными в кантонах.\r\n\r\nЭти доводы суду оказались недостаточными. В своей позиции он исходил из того, что похоронный бизнес всегда имеет дело с «уязвимыми людьми, которые проходят через трудные испытания, поэтому как профессионалы они обязаны блюсти в своей деятельности правильное отношение со своими клиентами и широкой общественностью, учитывать особенности таких услуг, а имеющиеся ограничения выглядят совершенно законно с точки зрения общественных интересов.»\r\n\r\nПри вынесении вердикта суд также ответил на вопрос, почему запрет касается лишь радио, а не всего информационного пространства. Так, по мнению суда, к примеру «вебсайт и газета в момент их просмотра всегда остаются под контролем читателя, поскольку он может в любой момент отказаться от просмотра рекламного сообщения, пропустить его, тогда как в рекламе на радио такой контроль отсутствует и слушатель вряд ли сможет избежать прослушивания коробящего его душу объявления.»\r\n\r\nИсточник Похоронка', 0, NULL, 0, '2018-01-24 06:31:02', NULL),
(2, 'Новая новость', '123', 0, NULL, 1, '2018-01-24 07:55:38', NULL);

-- --------------------------------------------------------

--
-- Структура таблицы `routes`
--

CREATE TABLE `routes` (
  `id` int(11) NOT NULL,
  `title` varchar(64) NOT NULL DEFAULT 'Новый маршрут',
  `url` varchar(255) NOT NULL,
  `template_id` int(11) DEFAULT '1',
  `menu_id` int(11) DEFAULT NULL,
  `access` int(11) DEFAULT '1',
  `dynamic` tinyint(1) UNSIGNED NOT NULL DEFAULT '0',
  `edit_access` tinyint(4) NOT NULL DEFAULT '1',
  `delete_access` tinyint(4) NOT NULL DEFAULT '1',
  `seo_keywords` text,
  `seo_description` text,
  `created` timestamp NOT NULL DEFAULT CURRENT_TIMESTAMP,
  `updated` timestamp NULL DEFAULT CURRENT_TIMESTAMP
) ENGINE=InnoDB DEFAULT CHARSET=utf8;

--
-- Дамп данных таблицы `routes`
--

INSERT INTO `routes` (`id`, `title`, `url`, `template_id`, `menu_id`, `access`, `dynamic`, `edit_access`, `delete_access`, `seo_keywords`, `seo_description`, `created`, `updated`) VALUES
(32, 'Главная страница', '/', 1, NULL, 1, 0, 1, 1, '', '', '2018-01-17 10:11:31', '2018-01-26 05:24:17'),
(40, 'Администрирование', '/admin', 2, 1, 3, 0, 1, 1, '', '', '2018-01-20 20:43:27', '2018-01-25 07:13:14'),
(48, 'Компания', '/company', 2, 2, 1, 0, 1, 1, 'Ключевые, слова', 'Описание', '2018-01-24 10:07:54', '2018-01-29 11:33:40'),
(49, 'Управление маршрутами', '/admin-routes', 2, 1, 3, 0, 1, 1, '', '', '2018-01-25 07:14:47', '2018-01-25 09:11:00'),
(50, 'Управление клиентами', '/admin-clients', 2, 1, 3, 0, 1, 1, '', '', '2018-01-25 07:15:29', '2018-01-25 07:15:50'),
(51, 'Посещаемость', '/admin-attendance', 2, 1, 3, 0, 1, 1, '', '', '2018-01-25 08:34:36', '2018-01-25 08:34:49'),
(52, 'Контакты', '/contacts', 2, 2, 1, 0, 1, 1, 'Проверка ключевых слов', 'Проверка описания', '2018-01-25 09:05:29', '2018-01-25 09:12:15'),
(53, 'Кладбища', '/cemeteries', 1, NULL, 1, 0, 1, 1, '', '', '2018-01-25 09:28:51', '2018-01-25 09:28:51'),
(54, 'Новости', '/news', 2, NULL, 1, 1, 1, 1, '', '', '2018-01-25 09:40:37', '2018-01-25 09:42:09'),
(61, 'Авторизация', '/login', 1, NULL, 1, 0, 0, 0, '', '', '2018-01-25 11:49:17', '2018-01-25 12:00:21'),
(62, 'Магазин', '/shop', 1, NULL, 1, 0, 1, 1, 'Магазин', 'Описание', '2018-01-26 10:23:30', '2018-01-29 06:53:14'),
(63, 'Страница категории товаров', '/shop-categories', 2, NULL, 1, 1, 1, 1, '', '', '2018-01-29 08:51:10', '2018-01-29 11:15:15');

-- --------------------------------------------------------

--
-- Структура таблицы `routes_access`
--

CREATE TABLE `routes_access` (
  `id` int(11) NOT NULL,
  `title` varchar(64) NOT NULL
) ENGINE=InnoDB DEFAULT CHARSET=utf8;

--
-- Дамп данных таблицы `routes_access`
--

INSERT INTO `routes_access` (`id`, `title`) VALUES
(1, 'Публичный маршрут'),
(2, 'Только авторизованным пользователям'),
(3, 'Только для администратора');

-- --------------------------------------------------------

--
-- Структура таблицы `routes_aliases`
--

CREATE TABLE `routes_aliases` (
  `id` int(11) NOT NULL,
  `route_id` int(11) NOT NULL,
  `title` varchar(64) NOT NULL,
  `target` varchar(64) NOT NULL,
  `target_id` int(11) NOT NULL,
  `created` timestamp NOT NULL DEFAULT CURRENT_TIMESTAMP
) ENGINE=InnoDB DEFAULT CHARSET=utf8;

--
-- Дамп данных таблицы `routes_aliases`
--

INSERT INTO `routes_aliases` (`id`, `route_id`, `title`, `target`, `target_id`, `created`) VALUES
(1, 54, 'new-news-1', 'news', 1, '2018-01-25 09:41:17');

-- --------------------------------------------------------

--
-- Структура таблицы `templates`
--

CREATE TABLE `templates` (
  `id` int(11) NOT NULL,
  `title` varchar(64) NOT NULL DEFAULT 'Новый шаблон',
  `name` varchar(64) DEFAULT NULL COMMENT 'Название файла шаблона',
  `created` timestamp NOT NULL DEFAULT CURRENT_TIMESTAMP
) ENGINE=InnoDB DEFAULT CHARSET=utf8;

--
-- Дамп данных таблицы `templates`
--

INSERT INTO `templates` (`id`, `title`, `name`, `created`) VALUES
(1, 'Пустая страница', 'empty', '2018-01-12 05:06:14'),
(2, 'Трёхколоночный макет страницы', 'three-column', '2018-01-12 05:06:48');

-- --------------------------------------------------------

--
-- Структура таблицы `views`
--

CREATE TABLE `views` (
  `id` int(10) UNSIGNED NOT NULL,
  `visit_id` int(10) UNSIGNED NOT NULL COMMENT 'Идентификатор визита',
  `visitor_id` int(10) UNSIGNED DEFAULT NULL,
  `path` varchar(155) DEFAULT NULL,
  `created` timestamp NOT NULL DEFAULT CURRENT_TIMESTAMP,
  `updated` timestamp NULL DEFAULT NULL,
  `activated` timestamp NULL DEFAULT NULL,
  `closed` timestamp NULL DEFAULT NULL
) ENGINE=InnoDB DEFAULT CHARSET=utf8;

--
-- Триггеры `views`
--
DELIMITER $$
CREATE TRIGGER `add_views_count_to_visit` AFTER INSERT ON `views` FOR EACH ROW UPDATE visits SET count_views = count_views + 1 WHERE id = NEW.visit_id
$$
DELIMITER ;

-- --------------------------------------------------------

--
-- Структура таблицы `visitors`
--

CREATE TABLE `visitors` (
  `id` int(10) UNSIGNED NOT NULL,
  `name` varchar(32) DEFAULT NULL,
  `created` timestamp NOT NULL DEFAULT CURRENT_TIMESTAMP
) ENGINE=InnoDB DEFAULT CHARSET=utf8 COMMENT='Пользователи';

-- --------------------------------------------------------

--
-- Структура таблицы `visits`
--

CREATE TABLE `visits` (
  `id` int(10) UNSIGNED NOT NULL,
  `visitor_id` int(10) UNSIGNED NOT NULL COMMENT 'Идентификатор визита',
  `count_views` int(11) NOT NULL DEFAULT '0',
  `visitor_ip` varchar(55) DEFAULT NULL,
  `created` timestamp NOT NULL DEFAULT CURRENT_TIMESTAMP,
  `updated` timestamp NULL DEFAULT NULL,
  `closed` timestamp NULL DEFAULT NULL
) ENGINE=InnoDB DEFAULT CHARSET=utf8;

--
-- Индексы сохранённых таблиц
--

--
-- Индексы таблицы `clients`
--
ALTER TABLE `clients`
  ADD PRIMARY KEY (`id`);

--
-- Индексы таблицы `components`
--
ALTER TABLE `components`
  ADD PRIMARY KEY (`id`),
  ADD KEY `block_id` (`block_id`);

--
-- Индексы таблицы `fragments`
--
ALTER TABLE `fragments`
  ADD PRIMARY KEY (`id`),
  ADD KEY `fragments_ibfk_1` (`component_id`),
  ADD KEY `fragments_ibfk_2` (`route_id`);

--
-- Индексы таблицы `fragments_blocks`
--
ALTER TABLE `fragments_blocks`
  ADD PRIMARY KEY (`id`);

--
-- Индексы таблицы `fragments_data`
--
ALTER TABLE `fragments_data`
  ADD PRIMARY KEY (`id`),
  ADD KEY `component_id` (`component_id`),
  ADD KEY `fragments_data_ibfk_2` (`fragment_id`);

--
-- Индексы таблицы `global_site_config`
--
ALTER TABLE `global_site_config`
  ADD PRIMARY KEY (`id`);

--
-- Индексы таблицы `goods_cats`
--
ALTER TABLE `goods_cats`
  ADD PRIMARY KEY (`id`),
  ADD KEY `goods_cats_ibfk_1` (`parent_id`);

--
-- Индексы таблицы `goods_pos`
--
ALTER TABLE `goods_pos`
  ADD PRIMARY KEY (`id`),
  ADD KEY `cat_id` (`cat_id`);

--
-- Индексы таблицы `header_nav`
--
ALTER TABLE `header_nav`
  ADD PRIMARY KEY (`id`);

--
-- Индексы таблицы `menu_groups`
--
ALTER TABLE `menu_groups`
  ADD PRIMARY KEY (`id`);

--
-- Индексы таблицы `menu_items`
--
ALTER TABLE `menu_items`
  ADD PRIMARY KEY (`id`),
  ADD KEY `parent_id` (`parent_id`),
  ADD KEY `menu_items_ibfk_1` (`group_id`);

--
-- Индексы таблицы `news`
--
ALTER TABLE `news`
  ADD PRIMARY KEY (`id`);

--
-- Индексы таблицы `routes`
--
ALTER TABLE `routes`
  ADD PRIMARY KEY (`id`),
  ADD KEY `template_id` (`template_id`),
  ADD KEY `access` (`access`),
  ADD KEY `menu_id` (`menu_id`);

--
-- Индексы таблицы `routes_access`
--
ALTER TABLE `routes_access`
  ADD PRIMARY KEY (`id`);

--
-- Индексы таблицы `routes_aliases`
--
ALTER TABLE `routes_aliases`
  ADD PRIMARY KEY (`id`),
  ADD KEY `route_id` (`route_id`);

--
-- Индексы таблицы `templates`
--
ALTER TABLE `templates`
  ADD PRIMARY KEY (`id`);

--
-- Индексы таблицы `views`
--
ALTER TABLE `views`
  ADD PRIMARY KEY (`id`);

--
-- Индексы таблицы `visitors`
--
ALTER TABLE `visitors`
  ADD PRIMARY KEY (`id`);

--
-- Индексы таблицы `visits`
--
ALTER TABLE `visits`
  ADD PRIMARY KEY (`id`);

--
-- AUTO_INCREMENT для сохранённых таблиц
--

--
-- AUTO_INCREMENT для таблицы `clients`
--
ALTER TABLE `clients`
  MODIFY `id` int(11) NOT NULL AUTO_INCREMENT, AUTO_INCREMENT=10;

--
-- AUTO_INCREMENT для таблицы `components`
--
ALTER TABLE `components`
  MODIFY `id` int(11) NOT NULL AUTO_INCREMENT, AUTO_INCREMENT=14;

--
-- AUTO_INCREMENT для таблицы `fragments`
--
ALTER TABLE `fragments`
  MODIFY `id` int(11) NOT NULL AUTO_INCREMENT, AUTO_INCREMENT=101;

--
-- AUTO_INCREMENT для таблицы `fragments_blocks`
--
ALTER TABLE `fragments_blocks`
  MODIFY `id` int(11) NOT NULL AUTO_INCREMENT, AUTO_INCREMENT=5;

--
-- AUTO_INCREMENT для таблицы `fragments_data`
--
ALTER TABLE `fragments_data`
  MODIFY `id` int(11) NOT NULL AUTO_INCREMENT, AUTO_INCREMENT=29;

--
-- AUTO_INCREMENT для таблицы `global_site_config`
--
ALTER TABLE `global_site_config`
  MODIFY `id` int(11) NOT NULL AUTO_INCREMENT, AUTO_INCREMENT=3;

--
-- AUTO_INCREMENT для таблицы `goods_cats`
--
ALTER TABLE `goods_cats`
  MODIFY `id` int(11) NOT NULL AUTO_INCREMENT, AUTO_INCREMENT=44;

--
-- AUTO_INCREMENT для таблицы `goods_pos`
--
ALTER TABLE `goods_pos`
  MODIFY `id` int(11) NOT NULL AUTO_INCREMENT, AUTO_INCREMENT=3;

--
-- AUTO_INCREMENT для таблицы `header_nav`
--
ALTER TABLE `header_nav`
  MODIFY `id` int(11) NOT NULL AUTO_INCREMENT, AUTO_INCREMENT=16;

--
-- AUTO_INCREMENT для таблицы `menu_groups`
--
ALTER TABLE `menu_groups`
  MODIFY `id` int(11) NOT NULL AUTO_INCREMENT, AUTO_INCREMENT=3;

--
-- AUTO_INCREMENT для таблицы `menu_items`
--
ALTER TABLE `menu_items`
  MODIFY `id` int(11) NOT NULL AUTO_INCREMENT, AUTO_INCREMENT=7;

--
-- AUTO_INCREMENT для таблицы `news`
--
ALTER TABLE `news`
  MODIFY `id` int(11) NOT NULL AUTO_INCREMENT, AUTO_INCREMENT=3;

--
-- AUTO_INCREMENT для таблицы `routes`
--
ALTER TABLE `routes`
  MODIFY `id` int(11) NOT NULL AUTO_INCREMENT, AUTO_INCREMENT=64;

--
-- AUTO_INCREMENT для таблицы `routes_access`
--
ALTER TABLE `routes_access`
  MODIFY `id` int(11) NOT NULL AUTO_INCREMENT, AUTO_INCREMENT=4;

--
-- AUTO_INCREMENT для таблицы `routes_aliases`
--
ALTER TABLE `routes_aliases`
  MODIFY `id` int(11) NOT NULL AUTO_INCREMENT, AUTO_INCREMENT=2;

--
-- AUTO_INCREMENT для таблицы `templates`
--
ALTER TABLE `templates`
  MODIFY `id` int(11) NOT NULL AUTO_INCREMENT, AUTO_INCREMENT=3;

--
-- AUTO_INCREMENT для таблицы `views`
--
ALTER TABLE `views`
  MODIFY `id` int(10) UNSIGNED NOT NULL AUTO_INCREMENT, AUTO_INCREMENT=2486;

--
-- AUTO_INCREMENT для таблицы `visitors`
--
ALTER TABLE `visitors`
  MODIFY `id` int(10) UNSIGNED NOT NULL AUTO_INCREMENT, AUTO_INCREMENT=32;

--
-- AUTO_INCREMENT для таблицы `visits`
--
ALTER TABLE `visits`
  MODIFY `id` int(10) UNSIGNED NOT NULL AUTO_INCREMENT, AUTO_INCREMENT=32;

--
-- Ограничения внешнего ключа сохраненных таблиц
--

--
-- Ограничения внешнего ключа таблицы `components`
--
ALTER TABLE `components`
  ADD CONSTRAINT `components_ibfk_1` FOREIGN KEY (`block_id`) REFERENCES `fragments_blocks` (`id`) ON DELETE NO ACTION ON UPDATE NO ACTION;

--
-- Ограничения внешнего ключа таблицы `fragments`
--
ALTER TABLE `fragments`
  ADD CONSTRAINT `fragments_ibfk_1` FOREIGN KEY (`component_id`) REFERENCES `components` (`id`) ON DELETE CASCADE ON UPDATE NO ACTION,
  ADD CONSTRAINT `fragments_ibfk_2` FOREIGN KEY (`route_id`) REFERENCES `routes` (`id`) ON DELETE CASCADE ON UPDATE NO ACTION;

--
-- Ограничения внешнего ключа таблицы `fragments_data`
--
ALTER TABLE `fragments_data`
  ADD CONSTRAINT `fragments_data_ibfk_1` FOREIGN KEY (`component_id`) REFERENCES `components` (`id`) ON DELETE NO ACTION ON UPDATE NO ACTION,
  ADD CONSTRAINT `fragments_data_ibfk_2` FOREIGN KEY (`fragment_id`) REFERENCES `fragments` (`id`) ON DELETE CASCADE ON UPDATE NO ACTION;

--
-- Ограничения внешнего ключа таблицы `goods_cats`
--
ALTER TABLE `goods_cats`
  ADD CONSTRAINT `goods_cats_ibfk_1` FOREIGN KEY (`parent_id`) REFERENCES `goods_cats` (`id`) ON DELETE CASCADE;

--
-- Ограничения внешнего ключа таблицы `goods_pos`
--
ALTER TABLE `goods_pos`
  ADD CONSTRAINT `goods_pos_ibfk_1` FOREIGN KEY (`cat_id`) REFERENCES `goods_cats` (`id`) ON DELETE NO ACTION;

--
-- Ограничения внешнего ключа таблицы `menu_items`
--
ALTER TABLE `menu_items`
  ADD CONSTRAINT `menu_items_ibfk_1` FOREIGN KEY (`group_id`) REFERENCES `menu_groups` (`id`) ON DELETE CASCADE ON UPDATE CASCADE;

--
-- Ограничения внешнего ключа таблицы `routes`
--
ALTER TABLE `routes`
  ADD CONSTRAINT `routes_ibfk_1` FOREIGN KEY (`template_id`) REFERENCES `templates` (`id`) ON DELETE NO ACTION ON UPDATE NO ACTION,
  ADD CONSTRAINT `routes_ibfk_2` FOREIGN KEY (`access`) REFERENCES `routes_access` (`id`) ON DELETE NO ACTION ON UPDATE NO ACTION,
  ADD CONSTRAINT `routes_ibfk_3` FOREIGN KEY (`menu_id`) REFERENCES `menu_groups` (`id`) ON DELETE SET NULL ON UPDATE CASCADE;

--
-- Ограничения внешнего ключа таблицы `routes_aliases`
--
ALTER TABLE `routes_aliases`
  ADD CONSTRAINT `routes_aliases_ibfk_1` FOREIGN KEY (`route_id`) REFERENCES `routes` (`id`) ON DELETE NO ACTION ON UPDATE NO ACTION;
COMMIT;

/*!40101 SET CHARACTER_SET_CLIENT=@OLD_CHARACTER_SET_CLIENT */;
/*!40101 SET CHARACTER_SET_RESULTS=@OLD_CHARACTER_SET_RESULTS */;
/*!40101 SET COLLATION_CONNECTION=@OLD_COLLATION_CONNECTION */;
